Name, PositionX, PositionY, RunTime
TestPerson1;0,02;0,01;0,5193998
TestPerson1;0,02;0,01;1,043987
TestPerson1;0;0,01;1,545697
TestPerson1;0,01;0,01;2,046955
TestPerson1;0,02;-0,01;2,548965
TestPerson1;0,01;0;3,05191
TestPerson1;0;-0,01;3,553528
TestPerson1;0;-0,02;4,056238
TestPerson1;-0,02;-0,04;4,55899
TestPerson1;-0,03;-0,05;5,086119
TestPerson1;-0,03;-0,05;5,589842
TestPerson1;-0,03;-0,05;6,09366
TestPerson1;-0,03;-0,05;6,605132
TestPerson1;-0,03;-0,05;7,106486
TestPerson1;-0,02;-0,04;7,608084
TestPerson1;-0,03;-0,04;8,108751
TestPerson1;-0,04;-0,05;8,610815
TestPerson1;-0,05;-0,05;9,110992
TestPerson1;-0,05;-0,05;9,625296
TestPerson1;-0,04;-0,05;10,12843
TestPerson1;-0,02;-0,04;10,63949
TestPerson1;-0,02;-0,02;11,14697
TestPerson1;-0,01;-0,01;11,64746
TestPerson1;0;0;12,16116
TestPerson1;0,01;0;12,6624
TestPerson1;0;0,01;13,16354
TestPerson1;0;0,02;13,66468
TestPerson1;0,02;0,04;14,16643
TestPerson1;0,03;0,06;14,66744
TestPerson1;0,03;0,08;15,16786
TestPerson1;0,04;0,09;15,66907
TestPerson1;0,04;0,09999999;16,17064
TestPerson1;0,04;0,12;16,67201
TestPerson1;0,05;0,12;17,17517
TestPerson1;0,05;0,12;17,67654
TestPerson1;0,04;0,11;18,18999
TestPerson1;0,03;0,09;18,69094
TestPerson1;0,02;0,08;19,19285
TestPerson1;0,01;0,05;19,69399
TestPerson1;0,01;0,08;20,19624
TestPerson1;0;0,08;20,69737
TestPerson1;-0,02;0,08;21,21026
TestPerson1;-0,02;0,09999999;21,71159
TestPerson1;-0,02;0,09999999;22,21296
TestPerson1;-0,03;0,08;22,71545
TestPerson1;-0,04;0,06;23,21624
TestPerson1;-0,04;0,06;23,71839
TestPerson1;-0,02;0,06;24,21949
TestPerson1;-0,01;0,04;24,72117
TestPerson1;-0,01;0,04;25,23563
TestPerson1;-0,03;0,05;25,7365
TestPerson1;-0,04;0,05;26,23743
TestPerson1;-0,05;0,05;26,73836
TestPerson1;-0,05;0,04;27,23951
TestPerson1;-0,03;0,02;27,75209
TestPerson1;-0,04;-0,01;28,25304
TestPerson1;-0,04;-0,04;28,75563
TestPerson1;-0,04;-0,04;29,25605
TestPerson1;-0,02;-0,02;29,75642
TestPerson1;-0,01;-0,01;30,25649
TestPerson1;0,02;-0,04;30,75821
TestPerson1;0,04;-0,05;31,25885
TestPerson1;0,04;-0,04;31,7609
TestPerson1;0,04;-0,05;32,26163
TestPerson1;0,05;-0,05;32,76259
TestPerson1;0,05;-0,05;33,26572
TestPerson1;0,05;-0,06;33,7685
TestPerson1;0,05;-0,06;34,28122
TestPerson1;0,05;-0,06;34,78341
TestPerson1;0,03;-0,02;35,28448
TestPerson1;0;0;35,78579
TestPerson1;0;0,03;36,28791
TestPerson1;-0,01;0,05;36,78973
TestPerson1;-0,02;0,07;37,30207
TestPerson1;-0,01;0,07;37,80373
TestPerson1;-0,02;0,07;38,30651
TestPerson1;-0,02;0,07;38,82132
TestPerson1;-0,02;0,07;39,32251
TestPerson1;-0,02;0,07;39,82359
TestPerson1;-0,02;0,07;40,32592
TestPerson1;-0,01;0,07;40,82677
TestPerson1;-0,01;0,06;41,32804
TestPerson1;0,02;0,06;41,82925
TestPerson1;0,03;0,08;42,33026
TestPerson1;0,03;0,08;42,8312
TestPerson1;0,04;0,07;43,33426
TestPerson1;0,04;0,07;43,84906
TestPerson1;0,04;0,07;44,34949
TestPerson1;0,04;0,07;44,86422
TestPerson1;0,04;0,07;45,36492
TestPerson1;0,04;0,07;45,86658
TestPerson1;0,04;0,07;46,38092
TestPerson1;0,04;0,07;46,88216
TestPerson1;0,04;0,07;47,38275
TestPerson1;0,04;0,07;47,88445
TestPerson1;0,04;0,07;48,38502
TestPerson1;0,04;0,07;48,88739
TestPerson1;0,05;0,07;49,38952
TestPerson1;0,05;0,07;49,88976
TestPerson1;0,05;0,08;50,39176
TestPerson1;0,05;0,08;50,8931
TestPerson1;0,05;0,07;51,39434
TestPerson1;0,05;0,08;51,89586
TestPerson1;0,05;0,07;52,39714
TestPerson1;0,05;0,07;52,91123
TestPerson1;0,05;0,07;53,41248
TestPerson1;0,05;0,07;53,91326
TestPerson1;0,05;0,07;54,41426
TestPerson1;0,04;0,07;54,9165
TestPerson1;0,04;0,07;55,41656
TestPerson1;0,02;0,06;55,91811
TestPerson1;0,01;0,04;56,42041
TestPerson1;0,02;0,04;56,92327
TestPerson1;0,01;0,05;57,43767
TestPerson1;0,02;0,05;57,93779
TestPerson1;0,02;0,04;58,44057
TestPerson1;0,02;0,04;58,95408
TestPerson1;0,02;0,05;59,45551
TestPerson1;0,02;0,05;59,96965
TestPerson1;0,03;0,05;60,47083
TestPerson1;0,04;0,05;60,97205
TestPerson1;0,04;0,08;61,47212
TestPerson1;0,04;0,08;61,97421
TestPerson1;0,02;0,06;62,47568
TestPerson1;0,03;0,06;62,97733
TestPerson1;0,03;0,08;63,47768
TestPerson1;0,03;0,09999999;63,97929
TestPerson1;0,04;0,11;64,48005
TestPerson1;0,03;0,12;64,98292
TestPerson1;0,03;0,13;65,48367
TestPerson1;0,04;0,14;65,98377
TestPerson1;0,04;0,16;66,4853
TestPerson1;0,04;0,16;66,98637
TestPerson1;0,05;0,17;67,48824
TestPerson1;0,05;0,18;68,00285
TestPerson1;0,04;0,17;68,50386
TestPerson1;0,03;0,16;69,00478
TestPerson1;0,02;0,16;69,5062
TestPerson1;0,02;0,16;70,00639
TestPerson1;0,02;0,16;70,50864
TestPerson1;0,01;0,17;71,00906
TestPerson1;0;0,16;71,5102
TestPerson1;-0,02;0,16;72,01067
TestPerson1;-0,04;0,17;72,51317
TestPerson1;-0,05;0,16;73,0154
TestPerson1;-0,07;0,17;73,51685
TestPerson1;-0,09;0,17;74,03072
TestPerson1;-0,11;0,17;74,53155
TestPerson1;-0,13;0,17;75,03363
TestPerson1;-0,13;0,17;75,53423
TestPerson1;-0,13;0,17;76,03616
TestPerson1;-0,12;0,16;76,53635
TestPerson1;-0,12;0,17;77,03793
TestPerson1;-0,13;0,17;77,54005
TestPerson1;-0,11;0,17;78,04028
TestPerson1;-0,09;0,17;78,54136
TestPerson1;-0,07;0,17;79,04389
TestPerson1;-0,06;0,16;79,54577
TestPerson1;-0,05;0,17;80,06043
TestPerson1;-0,03;0,16;80,56083
TestPerson1;-0,02;0,16;81,06231
TestPerson1;0,01;0,16;81,56347
TestPerson1;0,03;0,15;82,06483
TestPerson1;0,05;0,15;82,56551
TestPerson1;0,07;0,15;83,06712
TestPerson1;0,08;0,14;83,5674
TestPerson1;0,07;0,14;84,06992
TestPerson1;0,07;0,15;84,57055
TestPerson1;0,06;0,15;85,07104
TestPerson1;0,06;0,15;85,57263
TestPerson1;0,07;0,15;86,07435
TestPerson1;0,08;0,15;86,57547
TestPerson1;0,08;0,15;87,077
TestPerson1;0,07;0,16;87,57752
TestPerson1;0,06;0,17;88,07889
TestPerson1;0,06;0,16;88,57961
TestPerson1;0,06;0,16;89,08045
TestPerson1;0,06;0,16;89,58257
TestPerson1;0,07;0,16;90,08287
TestPerson1;0,06;0,17;90,58362
TestPerson1;0,06;0,16;91,08546
TestPerson1;0,06;0,16;91,58826
TestPerson1;0,06;0,16;92,10164
TestPerson1;0,06;0,15;92,604
TestPerson1;0,05;0,15;93,10489
TestPerson1;0,04;0,15;93,60607
TestPerson1;0,02;0,15;94,10671
TestPerson1;0,03;0,15;94,60811
TestPerson1;0,03;0,15;95,10889
TestPerson1;0,03;0,15;95,61081
TestPerson1;0,02;0,14;96,11188
TestPerson1;0,02;0,14;96,61279
TestPerson1;0,02;0,13;97,1151
TestPerson1;0,01;0,13;97,61671
TestPerson1;0;0,11;98,12926
TestPerson1;-0,01;0,09999999;98,63059
TestPerson1;-0,03;0,09999999;99,13274
TestPerson1;-0,04;0,09;99,64431
TestPerson1;-0,05;0,07;100,1498
TestPerson1;-0,06;0,07;100,6512
TestPerson1;-0,07;0,07;101,164
TestPerson1;-0,08;0,07;101,6654
TestPerson1;-0,07;0,07;102,1663
TestPerson1;-0,07;0,07;102,6684
TestPerson1;-0,07;0,06;103,1698
TestPerson1;-0,08;0,05;103,6847
TestPerson1;-0,09;0,05;104,1856
TestPerson1;-0,09;0,04;104,6876
TestPerson1;-0,09;0,04;105,1878
TestPerson1;-0,09;0,04;105,6889
TestPerson1;-0,09;0,04;106,1911
TestPerson1;-0,09;0,04;106,6914
TestPerson1;-0,09999999;0,03;107,1933
TestPerson1;-0,09999999;0,03;107,7197
TestPerson1;-0,09999999;0,02;108,2217
TestPerson1;-0,09999999;0,02;108,7261
TestPerson1;-0,09999999;0,01;109,2263
TestPerson1;-0,09999999;0,01;109,7295
TestPerson1;-0,09999999;0,02;110,244
TestPerson1;-0,09999999;0,01;110,7496
TestPerson1;-0,09999999;0,01;111,2626
TestPerson1;-0,09999999;0,01;111,7636
TestPerson1;-0,11;0,01;112,2662
TestPerson1;-0,09999999;0,01;112,7672
TestPerson1;-0,11;0;113,2679
TestPerson1;-0,11;0,01;113,769
TestPerson1;-0,11;0,01;114,2695
TestPerson1;-0,11;0,02;114,7708
TestPerson1;-0,09999999;0,03;115,2711
TestPerson1;-0,11;0,04;115,7725
TestPerson1;-0,11;0,06;116,2761
TestPerson1;-0,11;0,06;116,7764
TestPerson1;-0,11;0,06;117,2765
TestPerson1;-0,11;0,06;117,7786
TestPerson1;-0,09999999;0,08;118,2804
TestPerson1;-0,09;0,09;118,7809
TestPerson1;-0,09999999;0,09999999;119,2831
TestPerson1;-0,09999999;0,09999999;119,7836
TestPerson1;-0,13;0,09999999;120,2844
TestPerson1;-0,15;0,11;120,7859
TestPerson1;-0,16;0,12;121,2873
TestPerson1;-0,15;0,11;121,8023
TestPerson1;-0,15;0,12;122,3037
TestPerson1;-0,15;0,12;122,8056
TestPerson1;-0,15;0,11;123,3081
TestPerson1;-0,14;0,11;123,8208
TestPerson1;-0,14;0,11;124,3234
TestPerson1;-0,14;0,11;124,8241
TestPerson1;-0,15;0,12;125,3249
TestPerson1;-0,15;0,13;125,8257
TestPerson1;-0,15;0,12;126,3269
TestPerson1;-0,15;0,12;126,8292
TestPerson1;-0,15;0,13;127,3292
TestPerson1;-0,14;0,14;127,8299
TestPerson1;-0,14;0,14;128,3307
TestPerson1;-0,15;0,13;128,8319
TestPerson1;-0,15;0,13;129,332
TestPerson1;-0,15;0,13;129,839
TestPerson1;-0,15;0,11;130,3486
TestPerson1;-0,15;0,12;130,8495
TestPerson1;-0,15;0,13;131,3519
TestPerson1;-0,15;0,12;131,8542
TestPerson1;-0,15;0,11;132,3549
TestPerson1;-0,15;0,11;132,8564
TestPerson1;-0,15;0,11;133,3572
TestPerson1;-0,15;0,12;133,8587
TestPerson1;-0,15;0,12;134,3602
TestPerson1;-0,15;0,12;134,8604
TestPerson1;-0,15;0,12;135,3622
TestPerson1;-0,15;0,12;135,8753
TestPerson1;-0,15;0,13;136,3768
TestPerson1;-0,15;0,12;136,8784
TestPerson1;-0,15;0,12;137,3796
TestPerson1;-0,14;0,11;137,8813
TestPerson1;-0,14;0,11;138,3834
TestPerson1;-0,13;0,09999999;138,8842
TestPerson1;-0,13;0,08;139,3864
TestPerson1;-0,13;0,06;139,8881
TestPerson1;-0,13;0,03;140,389
TestPerson1;-0,13;0;140,8892
TestPerson1;-0,14;-0,03;141,3903
TestPerson1;-0,13;-0,05;141,8907
TestPerson1;-0,14;-0,07;142,3911
TestPerson1;-0,14;-0,09;142,8924
TestPerson1;-0,14;-0,09;143,395
TestPerson1;-0,14;-0,09;143,8963
TestPerson1;-0,14;-0,09;144,3976
TestPerson1;-0,14;-0,09;144,8989
TestPerson1;-0,14;-0,09;145,3991
TestPerson1;-0,14;-0,09;145,9012
TestPerson1;-0,14;-0,09;146,4027
TestPerson1;-0,14;-0,09;146,9031
TestPerson1;-0,14;-0,09;147,404
TestPerson1;-0,14;-0,09;147,906
TestPerson1;-0,14;-0,09;148,407
TestPerson1;-0,14;-0,09;148,9215
TestPerson1;-0,14;-0,09;149,4236
TestPerson1;-0,14;-0,09;149,9237
TestPerson1;-0,14;-0,09;150,4258
TestPerson1;-0,14;-0,09999999;150,926
TestPerson1;-0,12;-0,06;151,426
TestPerson1;-0,11;-0,04;151,9374
TestPerson1;-0,12;-0,04;152,4444
TestPerson1;-0,12;-0,05;152,9452
TestPerson1;-0,12;-0,07;153,4474
TestPerson1;-0,13;-0,07;153,9579
TestPerson1;-0,13;-0,07;154,4731
TestPerson1;-0,12;-0,07;154,9783
TestPerson1;-0,12;-0,08;155,4798
TestPerson1;-0,12;-0,09;155,9813
TestPerson1;-0,13;-0,09999999;156,4817
TestPerson1;-0,14;-0,12;156,9936
TestPerson1;-0,14;-0,13;157,4991
TestPerson1;-0,14;-0,12;157,9999
TestPerson1;-0,14;-0,12;158,5014
TestPerson1;-0,13;-0,12;159,0026
TestPerson1;-0,13;-0,12;159,5139
TestPerson1;-0,13;-0,12;160,0183
TestPerson1;-0,13;-0,12;160,5206
TestPerson1;-0,12;-0,11;161,022
TestPerson1;-0,13;-0,09999999;161,5235
TestPerson1;-0,14;-0,08;162,0246
TestPerson1;-0,14;-0,06;162,5381
TestPerson1;-0,16;-0,05;163,04
TestPerson1;-0,17;-0,04;163,5416
TestPerson1;-0,17;-0,04;164,0419
TestPerson1;-0,18;-0,04;164,5432
TestPerson1;-0,18;-0,04;165,0457
TestPerson1;-0,17;-0,03;165,5464
TestPerson1;-0,16;-0,03;166,0474
TestPerson1;-0,15;-0,04;166,5618
TestPerson1;-0,16;-0,03;167,0627
TestPerson1;-0,16;-0,04;167,5633
TestPerson1;-0,16;-0,04;168,0661
TestPerson1;-0,16;-0,04;168,5672
TestPerson1;-0,16;-0,04;169,0697
TestPerson1;-0,15;-0,04;169,5711
TestPerson1;-0,12;-0,04;170,0808
TestPerson1;-0,09999999;-0,03;170,5824
TestPerson1;-0,08;-0,03;171,0897
TestPerson1;-0,06;-0,03;171,5985
TestPerson1;-0,04;-0,03;172,0997
TestPerson1;-0,02;-0,04;172,6031
TestPerson1;0;-0,03;173,1051
TestPerson1;0,02;-0,03;173,6089
TestPerson1;0,04;-0,03;174,1239
TestPerson1;0,06;-0,03;174,6242
TestPerson1;0,08;-0,03;175,1249
TestPerson1;0,09999999;-0,03;175,6263
TestPerson1;0,11;-0,03;176,1408
TestPerson1;0,12;-0,03;176,642
TestPerson1;0,12;-0,03;177,1423
TestPerson1;0,12;-0,04;177,6438
TestPerson1;0,12;-0,04;178,1452
TestPerson1;0,13;-0,04;178,6474
TestPerson1;0,13;-0,03;179,1481
TestPerson1;0,13;-0,02;179,6494
TestPerson1;0,14;-0,03;180,1499
TestPerson1;0,14;-0,03;180,6506
TestPerson1;0,14;-0,03;181,1524
TestPerson1;0,14;-0,03;181,654
TestPerson1;0,14;-0,03;182,1553
TestPerson1;0,14;-0,03;182,659
TestPerson1;0,14;-0,03;183,1713
TestPerson1;0,14;-0,03;183,6721
TestPerson1;0,14;-0,03;184,1727
TestPerson1;0,14;-0,02;184,6742
TestPerson1;0,13;-0,03;185,1767
TestPerson1;0,13;-0,04;185,6777
TestPerson1;0,14;-0,04;186,1777
TestPerson1;0,14;-0,04;186,6798
TestPerson1;0,14;-0,04;187,181
TestPerson1;0,14;-0,04;187,6831
TestPerson1;0,14;-0,03;188,1844
TestPerson1;0,14;-0,02;188,685
TestPerson1;0,13;-0,01;189,1861
TestPerson1;0,12;0,01;189,6869
TestPerson1;0,12;0,02;190,1869
TestPerson1;0,11;0,04;190,6888
TestPerson1;0,11;0,06;191,1891
TestPerson1;0,11;0,07;191,6904
TestPerson1;0,12;0,09;192,1911
TestPerson1;0,12;0,11;192,6926
TestPerson1;0,13;0,11;193,1956
TestPerson1;0,15;0,12;193,7135
TestPerson1;0,15;0,12;194,2265
TestPerson1;0,12;0,15;194,7391
TestPerson1;0,09999999;0,16;195,2403
TestPerson1;0,09;0,16;195,7426
TestPerson1;0,09;0,14;196,2524
TestPerson1;0,09;0,13;196,7544
TestPerson1;0,07;0,14;197,257
TestPerson1;0,06;0,12;197,7578
TestPerson1;0,06;0,09;198,2596
TestPerson1;0,05;0,09;198,7603
TestPerson1;0,04;0,08;199,262
TestPerson1;0,03;0,07;199,7631
TestPerson1;0,01;0,07;200,2643
TestPerson1;-0,01;0,06;200,7651
TestPerson1;-0,04;0,05;201,2665
TestPerson1;-0,05;0,05;201,7674
TestPerson1;-0,07;0,04;202,2678
TestPerson1;-0,09;0,05;202,769
TestPerson1;-0,09999999;0,06;203,2699
TestPerson1;-0,12;0,07;203,7721
TestPerson1;-0,13;0,08;204,273
TestPerson1;-0,11;0,08;204,775
TestPerson1;-0,09999999;0,09;205,2773
TestPerson1;-0,09999999;0,09999999;205,7916
TestPerson1;-0,09;0,08;206,2925
TestPerson1;-0,08;0,08;206,7933
TestPerson1;-0,06;0,08;207,2959
TestPerson1;-0,05;0,06;207,7963
TestPerson1;-0,03;0,05;208,2968
TestPerson1;-0,01;0,06;208,7984
TestPerson1;0,02;0,05;209,2993
TestPerson1;0,04;0,06;209,8004
TestPerson1;0,06;0,07;210,3023
TestPerson1;0,09;0,07;210,8039
TestPerson1;0,09;0,08;211,305
TestPerson1;0,09999999;0,07;211,8066
TestPerson1;0,09999999;0,07;212,3185
TestPerson1;0,09999999;0,07;212,8201
TestPerson1;0,09999999;0,07;213,3213
TestPerson1;0,09999999;0,07;213,824
TestPerson1;0,09999999;0,07;214,3354
TestPerson1;0,09999999;0,07;214,8381
TestPerson1;0,09999999;0,07;215,3395
TestPerson1;0,09;0,07;215,84
TestPerson1;0,08;0,07;216,3425
TestPerson1;0,06;0,08;216,8439
TestPerson1;0,03;0,08;217,3444
TestPerson1;0,01;0,06;217,8457
TestPerson1;0;0,06;218,3477
TestPerson1;-0,01;0,06;218,8486
TestPerson1;-0,01;0,04;219,35
TestPerson1;-0,03;0,03;219,8511
TestPerson1;-0,03;0;220,3517
TestPerson1;-0,02;-0,02;220,8525
TestPerson1;-0,03;-0,04;221,355
TestPerson1;-0,03;-0,06;221,8569
TestPerson1;-0,03;-0,08;222,3571
TestPerson1;-0,04;-0,09;222,8587
TestPerson1;-0,04;-0,09999999;223,359
TestPerson1;-0,04;-0,11;223,8602
TestPerson1;-0,04;-0,11;224,3624
TestPerson1;-0,05;-0,12;224,8644
TestPerson1;-0,06;-0,12;225,3645
TestPerson1;-0,07;-0,11;225,8663
TestPerson1;-0,08;-0,11;226,3671
TestPerson1;-0,09;-0,09999999;226,867
TestPerson1;-0,09999999;-0,09;227,3679
TestPerson1;-0,11;-0,07;227,8694
TestPerson1;-0,09999999;-0,06;228,371
TestPerson1;-0,11;-0,05;228,8853
TestPerson1;-0,11;-0,03;229,3875
TestPerson1;-0,09999999;-0,02;229,8878
TestPerson1;-0,11;0;230,3893
TestPerson1;-0,11;0,01;230,8908
TestPerson1;-0,11;0,01;231,393
TestPerson1;-0,11;0,01;231,8952
TestPerson1;-0,11;0,02;232,4062
TestPerson1;-0,11;0,01;232,9077
TestPerson1;-0,11;0,02;233,4094
TestPerson1;-0,11;0,02;233,9111
TestPerson1;-0,11;0,03;234,4117
TestPerson1;-0,09999999;0,04;234,9128
TestPerson1;-0,09999999;0,03;235,4146
TestPerson1;-0,11;0,03;235,9161
TestPerson1;-0,11;0,01;236,418
TestPerson1;-0,11;0,01;236,9197
TestPerson1;-0,12;0,03;237,4209
TestPerson1;-0,13;0,04;237,9215
TestPerson1;-0,13;0,03;238,4227
TestPerson1;-0,12;0,03;238,9237
TestPerson1;-0,12;0,03;239,4254
TestPerson1;-0,13;0,02;239,9262
TestPerson1;-0,13;0,03;240,4271
TestPerson1;-0,13;0,04;240,9288
TestPerson1;-0,13;0,05;241,4294
TestPerson1;-0,11;0,05;241,9296
TestPerson1;-0,11;0,05;242,431
TestPerson1;-0,11;0,07;242,9339
TestPerson1;-0,09999999;0,08;243,4346
TestPerson1;-0,09;0,09;243,9365
TestPerson1;-0,09999999;0,11;244,4378
TestPerson1;-0,09999999;0,12;244,9388
TestPerson1;-0,08;0,12;245,4396
TestPerson1;-0,09;0,12;245,9411
TestPerson1;-0,09999999;0,09999999;246,4418
TestPerson1;-0,09999999;0,09999999;246,9436
TestPerson1;-0,09999999;0,09999999;247,4447
TestPerson1;-0,09999999;0,09999999;247,9462
TestPerson1;-0,09999999;0,09999999;248,4473
TestPerson1;-0,09999999;0,09999999;248,9498
TestPerson1;-0,09999999;0,09999999;249,4511
TestPerson1;-0,09999999;0,09999999;249,9511
TestPerson1;-0,09999999;0,09999999;250,4516
TestPerson1;-0,09999999;0,09999999;250,9527
TestPerson1;-0,09999999;0,09999999;251,4534
TestPerson1;-0,11;0,08;251,9561
TestPerson1;-0,11;0,07;252,4563
TestPerson1;-0,11;0,05;252,9572
TestPerson1;-0,11;0,05;253,4582
TestPerson1;-0,11;0,04;253,9635
TestPerson1;-0,11;0,03;254,4748
TestPerson1;-0,11;0,03;254,9758
TestPerson1;-0,11;0,02;255,4777
TestPerson1;-0,11;0,02;255,9785
TestPerson1;-0,11;0,02;256,4807
TestPerson1;-0,12;0,02;256,9818
TestPerson1;-0,12;0,02;257,483
TestPerson1;-0,12;0,01;257,985
TestPerson1;-0,11;0,01;258,4986
TestPerson1;-0,11;0,03;259,0003
TestPerson1;-0,09999999;0,05;259,5013
TestPerson1;-0,09999999;0,04;260,0025
TestPerson1;-0,09999999;0,02;260,504
TestPerson1;-0,09999999;0,02;261,0052
TestPerson1;-0,09999999;0,04;261,5195
TestPerson1;-0,11;0,07;262,0206
TestPerson1;-0,09999999;0,08;262,5215
TestPerson1;-0,09999999;0,09;263,0245
TestPerson1;-0,09;0,09;263,5391
TestPerson1;-0,08;0,09;264,0397
TestPerson1;-0,08;0,09999999;264,54
TestPerson1;-0,08;0,11;265,0414
TestPerson1;-0,08;0,11;265,5451
TestPerson1;-0,07;0,11;266,0579
TestPerson1;-0,07;0,11;266,5593
TestPerson1;-0,05;0,11;267,061
TestPerson1;-0,04;0,09999999;267,5616
TestPerson1;-0,03;0,09999999;268,0681
TestPerson1;-0,04;0,11;268,5768
TestPerson1;-0,05;0,13;269,0789
TestPerson1;-0,04;0,12;269,58
TestPerson1;-0,04;0,11;270,0811
TestPerson1;-0,03;0,12;270,5815
TestPerson1;-0,02;0,12;271,0833
TestPerson1;-0,02;0,11;271,5842
TestPerson1;-0,02;0,11;272,0852
TestPerson1;-0,02;0,11;272,5858
TestPerson1;-0,05;0,13;273,088
TestPerson1;-0,05;0,13;273,5902
TestPerson1;-0,04;0,13;274,1039
TestPerson1;-0,02;0,11;274,6063
TestPerson1;-0,02;0,11;275,1069
TestPerson1;-0,01;0,11;275,6113
TestPerson1;-0,02;0,11;276,1231
TestPerson1;-0,04;0,12;276,6243
TestPerson1;-0,04;0,09999999;277,1251
TestPerson1;-0,04;0,09999999;277,6253
TestPerson1;-0,04;0,11;278,1402
TestPerson1;-0,05;0,13;278,6411
TestPerson1;-0,05;0,15;279,1417
TestPerson1;-0,06;0,16;279,6434
TestPerson1;-0,08;0,17;280,1449
TestPerson1;-0,08;0,17;280,6455
TestPerson1;-0,09;0,18;281,1471
TestPerson1;-0,09;0,18;281,649
TestPerson1;-0,09;0,18;282,1499
TestPerson1;-0,09;0,18;282,6499
TestPerson1;-0,08;0,18;283,1512
TestPerson1;-0,08;0,19;283,653
TestPerson1;-0,07;0,19;284,1547
TestPerson1;-0,07;0,21;284,6557
TestPerson1;-0,07;0,21;285,1575
TestPerson1;-0,06;0,2;285,6584
TestPerson1;-0,06;0,19;286,1591
TestPerson1;-0,07;0,16;286,6601
TestPerson1;-0,06;0,15;287,1621
TestPerson1;-0,06;0,14;287,6626
TestPerson1;-0,07;0,14;288,1655
TestPerson1;-0,07;0,13;288,6663
TestPerson1;-0,06;0,12;289,1677
TestPerson1;-0,07;0,12;289,6681
TestPerson1;-0,08;0,11;290,1697
TestPerson1;-0,09;0,09999999;290,6845
TestPerson1;-0,09999999;0,09999999;291,1866
TestPerson1;-0,09999999;0,09999999;291,7012
TestPerson1;-0,09999999;0,09999999;292,2025
TestPerson1;-0,09999999;0,11;292,7029
TestPerson1;-0,09999999;0,11;293,205
TestPerson1;-0,09999999;0,11;293,7054
TestPerson1;-0,09;0,09999999;294,2204
TestPerson1;-0,07;0,09;294,7219
TestPerson1;-0,06;0,09;295,2233
TestPerson1;-0,07;0,09;295,7244
TestPerson1;-0,06;0,09;296,2263
TestPerson1;-0,05;0,08;296,7268
TestPerson1;-0,04;0,08;297,2283
TestPerson1;-0,02;0,08;297,7285
TestPerson1;0;0,07;298,2305
TestPerson1;0,02;0,08;298,7313
TestPerson1;0,05;0,08;299,2337
TestPerson1;0,06;0,08;299,7476
TestPerson1;0,06;0,09;300,2494
TestPerson1;0,07;0,09999999;300,75
TestPerson1;0,09;0,09999999;301,2513
TestPerson1;0,09;0,11;301,753
TestPerson1;0,09;0,13;302,2542
TestPerson1;0,09999999;0,13;302,7547
TestPerson1;0,09;0,13;303,2575
TestPerson1;0,09;0,12;303,7598
TestPerson1;0,09999999;0,12;304,2742
TestPerson1;0,11;0,12;304,7751
TestPerson1;0,11;0,13;305,2765
TestPerson1;0,11;0,13;305,7776
TestPerson1;0,11;0,13;306,2789
TestPerson1;0,11;0,13;306,7808
TestPerson1;0,11;0,13;307,2809
TestPerson1;0,11;0,13;307,7823
TestPerson1;0,11;0,13;308,2834
TestPerson1;0,11;0,12;308,7837
TestPerson1;0,11;0,12;309,2982
TestPerson1;0,12;0,12;309,8011
TestPerson1;0,13;0,09999999;310,3142
TestPerson1;0,13;0,09;310,816
TestPerson1;0,13;0,09;311,3183
TestPerson1;0,13;0,09999999;311,8189
TestPerson1;0,13;0,09;312,322
TestPerson1;0,13;0,08;312,823
TestPerson1;0,13;0,08;313,3245
TestPerson1;0,13;0,08;313,8382
TestPerson1;0,13;0,08;314,3396
TestPerson1;0,13;0,08;314,8419
TestPerson1;0,13;0,08;315,3428
TestPerson1;0,13;0,08;315,844
TestPerson1;0,13;0,08;316,3452
TestPerson1;0,13;0,08;316,8456
TestPerson1;0,13;0,08;317,3458
TestPerson1;0,13;0,08;317,8463
TestPerson1;0,13;0,08;318,3492
TestPerson1;0,13;0,08;318,8494
TestPerson1;0,13;0,08;319,3508
TestPerson1;0,13;0,09999999;319,8537
TestPerson1;0,13;0,09;320,366
TestPerson1;0,13;0,08;320,868
TestPerson1;0,13;0,07;321,3682
TestPerson1;0,13;0,07;321,8721
TestPerson1;0,13;0,08;322,3853
TestPerson1;0,13;0,08;322,8874
TestPerson1;0,13;0,08;323,3888
TestPerson1;0,13;0,08;323,9032
TestPerson1;0,13;0,08;324,4044
TestPerson1;0,13;0,08;324,9052
TestPerson1;0,13;0,08;325,4062
TestPerson1;0,13;0,08;325,9074
TestPerson1;0,13;0,08;326,4078
TestPerson1;0,12;0,08;326,9086
TestPerson1;0,12;0,08;327,4102
TestPerson1;0,11;0,08;327,9108
TestPerson1;0,09999999;0,08;328,4117
TestPerson1;0,08;0,09;328,9138
TestPerson1;0,07;0,09;329,4159
TestPerson1;0,07;0,08;329,9177
TestPerson1;0,07;0,08;330,4202
TestPerson1;0,07;0,08;330,9208
TestPerson1;0,07;0,08;331,4211
TestPerson1;0,07;0,07;331,9229
TestPerson1;0,07;0,05;332,4233
TestPerson1;0,06;0,03;332,9242
TestPerson1;0,07;0;333,4249
TestPerson1;0,06;-0,02;333,9264
TestPerson1;0,07;-0,05;334,4279
TestPerson1;0,07;-0,08;334,929
TestPerson1;0,07;-0,09;335,4294
TestPerson1;0,07;-0,11;335,9323
TestPerson1;0,07;-0,13;336,4351
TestPerson1;0,06;-0,14;336,9478
TestPerson1;0,06;-0,15;337,449
TestPerson1;0,07;-0,14;337,949
TestPerson1;0,08;-0,14;338,4502
TestPerson1;0,08;-0,14;338,9508
TestPerson1;0,08;-0,14;339,4515
TestPerson1;0,07;-0,14;339,9534
TestPerson1;0,08;-0,14;340,4559
TestPerson1;0,08;-0,14;340,9566
TestPerson1;0,07;-0,15;341,4583
TestPerson1;0,07;-0,15;341,9583
TestPerson1;0,07;-0,15;342,4596
TestPerson1;0,07;-0,15;342,9612
TestPerson1;0,07;-0,15;343,462
TestPerson1;0,07;-0,15;343,9638
TestPerson1;0,07;-0,15;344,4645
TestPerson1;0,06;-0,14;344,9648
TestPerson1;0,05;-0,13;345,4664
TestPerson1;0,06;-0,14;345,9667
TestPerson1;0,06;-0,14;346,469
TestPerson1;0,07;-0,14;346,9698
TestPerson1;0,07;-0,14;347,4732
TestPerson1;0,07;-0,14;347,9755
TestPerson1;0,07;-0,14;348,4759
TestPerson1;0,07;-0,14;348,9771
TestPerson1;0,07;-0,14;349,4783
TestPerson1;0,07;-0,14;349,9796
TestPerson1;0,07;-0,14;350,4803
TestPerson1;0,07;-0,14;350,9815
TestPerson1;0,07;-0,14;351,482
TestPerson1;0,07;-0,14;351,9838
TestPerson1;0,07;-0,14;352,4847
TestPerson1;0,07;-0,14;352,9861
TestPerson1;0,07;-0,14;353,497
TestPerson1;0,07;-0,14;354,0028
TestPerson1;0,07;-0,14;354,504
TestPerson1;0,07;-0,14;355,0055
TestPerson1;0,06;-0,14;355,5063
TestPerson1;0,06;-0,14;356,0197
TestPerson1;0,06;-0,14;356,5226
TestPerson1;0,08;-0,15;357,024
TestPerson1;0,08;-0,16;357,525
TestPerson1;0,07;-0,15;358,0262
TestPerson1;0,05;-0,16;358,5264
TestPerson1;0,03;-0,16;359,0268
TestPerson1;0,04;-0,15;359,5284
TestPerson1;0,03;-0,15;360,0295
TestPerson1;0,03;-0,15;360,5307
TestPerson1;0,03;-0,14;361,0339
TestPerson1;0,03;-0,14;361,5355
TestPerson1;0,03;-0,14;362,0364
TestPerson1;0,03;-0,14;362,5375
TestPerson1;0,03;-0,14;363,0397
TestPerson1;0,03;-0,14;363,54
TestPerson1;0,04;-0,14;364,0403
TestPerson1;0,04;-0,13;364,5424
TestPerson1;0,05;-0,12;365,0427
TestPerson1;0,05;-0,11;365,5448
TestPerson1;0,05;-0,09999999;366,0465
TestPerson1;0,04;-0,08;366,5492
TestPerson1;0,04;-0,06;367,0643
TestPerson1;0,02;-0,04;367,5655
TestPerson1;0,01;-0,03;368,0665
TestPerson1;0,01;-0,02;368,5677
TestPerson1;0;-0,02;369,0697
TestPerson1;0;-0,01;369,5706
TestPerson1;0;-0,01;370,0811
TestPerson1;-0,01;-0,01;370,5859
TestPerson1;-0,01;-0,01;371,0869
TestPerson1;-0,02;0,01;371,5882
TestPerson1;-0,04;0,02;372,0893
TestPerson1;-0,05;0,04;372,5915
TestPerson1;-0,07;0,05;373,0921
TestPerson1;-0,08;0,06;373,5951
TestPerson1;-0,09;0,08;374,0958
TestPerson1;-0,11;0,09;374,6194
TestPerson1;-0,12;0,09999999;375,121
TestPerson1;-0,13;0,11;375,6269
TestPerson1;-0,13;0,12;376,1341
TestPerson1;-0,12;0,12;376,6461
TestPerson1;-0,13;0,12;377,1499
TestPerson1;-0,13;0,11;377,653
TestPerson1;-0,13;0,11;378,1553
TestPerson1;-0,13;0,11;378,667
TestPerson1;-0,13;0,11;379,1692
TestPerson1;-0,13;0,11;379,6833
TestPerson1;-0,13;0,11;380,1855
TestPerson1;-0,13;0,11;380,6881
TestPerson1;-0,13;0,11;381,1893
TestPerson1;-0,14;0,09999999;381,691
TestPerson1;-0,12;0,09;382,1955
TestPerson1;-0,12;0,07;382,7087
TestPerson1;-0,11;0,06;383,2155
TestPerson1;-0,09;0,05;383,7165
TestPerson1;-0,08;0,04;384,2346
TestPerson1;-0,07;0,03;384,7359
TestPerson1;-0,05;0,02;385,2394
TestPerson1;-0,04;0,02;385,7426
TestPerson1;-0,03;0,01;386,2445
TestPerson1;-0,03;0;386,7456
TestPerson1;-0,02;0,01;387,2464
TestPerson1;-0,01;0;387,747
TestPerson1;0;-0,01;388,2484
TestPerson1;0;-0,01;388,7495
TestPerson1;0;-0,01;389,2516
TestPerson1;0,01;0;389,7541
TestPerson1;0,02;0,01;390,2565
TestPerson1;0,03;0,01;390,758
TestPerson1;0,04;0,02;391,2593
TestPerson1;0,05;0,03;391,7598
TestPerson1;0,06;0,03;392,2607
TestPerson1;0,07;0,03;392,7612
TestPerson1;0,06;0,04;393,2633
TestPerson1;0,06;0,04;393,765
TestPerson1;0,06;0,04;394,2655
TestPerson1;0,06;0,04;394,7668
TestPerson1;0,06;0,04;395,2796
TestPerson1;0,06;0,04;395,7814
TestPerson1;0,05;0,04;396,2834
TestPerson1;0,04;0,02;396,7847
TestPerson1;0,03;0,01;397,2859
TestPerson1;0,03;0;397,7881
TestPerson1;0,03;-0,02;398,2889
TestPerson1;0,03;-0,03;398,7895
TestPerson1;0,04;-0,04;399,2911
TestPerson1;0,04;-0,06;399,7933
TestPerson1;0,04;-0,07;400,2945
TestPerson1;0,05;-0,07;400,7954
TestPerson1;0,05;-0,09;401,2966
TestPerson1;0,05;-0,09999999;401,7979
TestPerson1;0,05;-0,09999999;402,2993
TestPerson1;0,05;-0,09999999;402,8009
TestPerson1;0,05;-0,11;403,3021
TestPerson1;0,05;-0,11;403,8037
TestPerson1;0,05;-0,11;404,3051
TestPerson1;0,05;-0,11;404,8206
TestPerson1;0,05;-0,11;405,3361
TestPerson1;0,05;-0,11;405,8372
TestPerson1;0,05;-0,11;406,3379
TestPerson1;0,05;-0,11;406,8391
TestPerson1;0,05;-0,11;407,343
TestPerson1;0,05;-0,11;407,8529
TestPerson1;0,05;-0,11;408,354
TestPerson1;0,05;-0,11;408,8557
TestPerson1;0,05;-0,11;409,3575
TestPerson1;0,05;-0,11;409,858
TestPerson1;0,05;-0,11;410,3594
TestPerson1;0,05;-0,11;410,8611
TestPerson1;0,05;-0,11;411,3618
TestPerson1;0,05;-0,11;411,863
TestPerson1;0,05;-0,11;412,3643
TestPerson1;0,05;-0,11;412,8704
TestPerson1;0,05;-0,11;413,3809
TestPerson1;0,05;-0,11;413,8817
TestPerson1;0,05;-0,11;414,3836
TestPerson1;0,05;-0,11;414,8842
TestPerson1;0,05;-0,11;415,3862
TestPerson1;0,05;-0,11;415,8862
TestPerson1;0,05;-0,11;416,3878
TestPerson1;0,05;-0,11;416,889
TestPerson1;0,05;-0,11;417,3912
TestPerson1;0,05;-0,11;417,8936
TestPerson1;0,05;-0,11;418,3956
TestPerson1;0,05;-0,11;418,8973
TestPerson1;0,05;-0,11;419,3974
TestPerson1;0,05;-0,11;419,8985
TestPerson1;0,05;-0,11;420,3999
TestPerson1;0,05;-0,11;420,9016
TestPerson1;0,05;-0,11;421,4023
TestPerson1;0,05;-0,11;421,9041
TestPerson1;0,05;-0,11;422,4061
TestPerson1;0,05;-0,11;422,9061
TestPerson1;0,05;-0,11;423,4084
TestPerson1;0,05;-0,11;423,9099
TestPerson1;0,05;-0,11;424,4108
TestPerson1;0,05;-0,11;424,9115
TestPerson1;0,05;-0,11;425,4118
TestPerson1;0,05;-0,11;425,9125
TestPerson1;0,05;-0,11;426,4144
TestPerson1;0,05;-0,11;426,9145
TestPerson1;0,05;-0,11;427,4178
TestPerson1;0,05;-0,11;427,9313
TestPerson1;0,05;-0,11;428,4315
TestPerson1;0,05;-0,11;428,9331
TestPerson1;0,05;-0,11;429,4339
TestPerson1;0,05;-0,11;429,9344
TestPerson1;0,05;-0,11;430,4364
TestPerson1;0,05;-0,11;430,9385
TestPerson1;0,05;-0,11;431,4396
TestPerson1;0,05;-0,11;431,9411
TestPerson1;0,05;-0,11;432,4413
TestPerson1;0,05;-0,11;432,9432
TestPerson1;0,04;-0,09999999;433,444
TestPerson1;0,04;-0,11;433,9458
TestPerson1;0,04;-0,12;434,4468
TestPerson1;0,04;-0,13;434,9481
TestPerson1;0,04;-0,14;435,4491
TestPerson1;0,03;-0,14;435,9519
TestPerson1;0,04;-0,13;436,4541
TestPerson1;0,05;-0,13;436,9656
TestPerson1;0,05;-0,13;437,4685
TestPerson1;0,05;-0,13;437,9824
TestPerson1;0,05;-0,12;438,4839
TestPerson1;0,05;-0,11;438,9854
TestPerson1;0,05;-0,09999999;439,4859
TestPerson1;0,05;-0,08;439,9869
TestPerson1;0,05;-0,06;440,4869
TestPerson1;0,06;-0,06;440,9887
TestPerson1;0,06;-0,05;441,4898
TestPerson1;0,06;-0,04;441,9909
TestPerson1;0,05;-0,05;442,4914
TestPerson1;0,06;-0,05;442,992
TestPerson1;0,06;-0,05;443,4939
TestPerson1;0,06;-0,05;443,9952
TestPerson1;0,06;-0,05;444,4969
TestPerson1;0,06;-0,05;444,9986
TestPerson1;0,05;-0,04;445,499
TestPerson1;0,06;-0,04;446,001
TestPerson1;0,07;-0,06;446,5018
TestPerson1;0,09;-0,05;447,003
TestPerson1;0,09999999;-0,05;447,5043
TestPerson1;0,12;-0,06;448,0063
TestPerson1;0,14;-0,05;448,5071
TestPerson1;0,15;-0,05;449,0082
TestPerson1;0,17;-0,06;449,5092
TestPerson1;0,17;-0,05;450,0239
TestPerson1;0,17;-0,04;450,5247
TestPerson1;0,15;-0,06;451,0264
TestPerson1;0,15;-0,06;451,5399
TestPerson1;0,16;-0,05;452,0414
TestPerson1;0,16;-0,05;452,5444
TestPerson1;0,16;-0,05;453,0447
TestPerson1;0,15;-0,05;453,5456
TestPerson1;0,15;-0,05;454,046
TestPerson1;0,15;-0,05;454,5475
TestPerson1;0,13;-0,05;455,0484
TestPerson1;0,12;-0,04;455,5488
TestPerson1;0,11;-0,05;456,0519
TestPerson1;0,09;-0,04;456,5529
TestPerson1;0,08;-0,04;457,0541
TestPerson1;0,06;-0,05;457,5549
TestPerson1;0,05;-0,05;458,0581
TestPerson1;0,04;-0,06;458,5588
TestPerson1;0,03;-0,06;459,0603
TestPerson1;0,03;-0,06;459,5613
TestPerson1;0,03;-0,06;460,062
TestPerson1;0,03;-0,06;460,5628
TestPerson1;0,03;-0,06;461,0652
TestPerson1;0,03;-0,06;461,5659
TestPerson1;0,03;-0,06;462,0668
TestPerson1;0,03;-0,06;462,5672
TestPerson1;0,03;-0,06;463,0797
TestPerson1;0,03;-0,06;463,5804
TestPerson1;0,03;-0,06;464,0819
TestPerson1;0,03;-0,06;464,5825
TestPerson1;0,03;-0,06;465,0844
TestPerson1;0,03;-0,06;465,5901
TestPerson1;0,03;-0,06;466,0999
TestPerson1;0,03;-0,06;466,6013
TestPerson1;0,03;-0,06;467,1029
TestPerson1;0,03;-0,06;467,604
TestPerson1;0,03;-0,06;468,106
TestPerson1;0,03;-0,06;468,6062
TestPerson1;0,03;-0,06;469,1062
TestPerson1;0,03;-0,06;469,6071
TestPerson1;0,03;-0,06;470,1084
TestPerson1;0,03;-0,06;470,6094
TestPerson1;0,03;-0,06;471,1104
TestPerson1;0,03;-0,06;471,6116
TestPerson1;0,03;-0,06;472,1147
TestPerson1;0,03;-0,06;472,6157
TestPerson1;0,03;-0,06;473,1172
TestPerson1;0,03;-0,06;473,6181
TestPerson1;0,03;-0,06;474,1194
TestPerson1;0,03;-0,06;474,6214
TestPerson1;0,03;-0,06;475,1263
TestPerson1;0,03;-0,06;475,6362
TestPerson1;0,03;-0,06;476,1375
TestPerson1;0,03;-0,06;476,6392
TestPerson1;0,03;-0,06;477,14
TestPerson1;0,03;-0,06;477,6411
TestPerson1;0,03;-0,06;478,1416
TestPerson1;0,04;-0,05;478,6454
TestPerson1;0,03;-0,06;479,1576
TestPerson1;0,03;-0,06;479,6595
TestPerson1;0,03;-0,06;480,1602
TestPerson1;0,03;-0,06;480,6615
TestPerson1;0,03;-0,06;481,1636
TestPerson1;0,03;-0,06;481,6654
TestPerson1;0,03;-0,06;482,1657
TestPerson1;0,03;-0,06;482,6674
TestPerson1;0,03;-0,06;483,1682
TestPerson1;0,04;-0,05;483,6689
TestPerson1;0,03;-0,05;484,1698
TestPerson1;0,03;-0,05;484,6714
TestPerson1;0,04;-0,05;485,1731
TestPerson1;0,04;-0,05;485,6751
TestPerson1;0,04;-0,05;486,1792
TestPerson1;0,04;-0,05;486,6892
TestPerson1;0,04;-0,05;487,1896
TestPerson1;0,04;-0,05;487,6942
TestPerson1;0,04;-0,05;488,1943
TestPerson1;0,04;-0,05;488,6966
TestPerson1;0,04;-0,05;489,1969
TestPerson1;0,04;-0,05;489,6983
TestPerson1;0,04;-0,05;490,1987
TestPerson1;0,04;-0,05;490,6998
TestPerson1;0,04;-0,05;491,2036
TestPerson1;0,04;-0,05;491,716
TestPerson1;0,04;-0,05;492,2166
TestPerson1;0,04;-0,05;492,7179
TestPerson1;0,04;-0,05;493,22
TestPerson1;0,04;-0,05;493,7207
TestPerson1;0,04;-0,05;494,2217
TestPerson1;0,04;-0,05;494,7246
TestPerson1;0,04;-0,05;495,2257
TestPerson1;0,04;-0,04;495,7275
TestPerson1;0,04;-0,04;496,2417
TestPerson1;0,04;-0,04;496,7427
TestPerson1;0,04;-0,04;497,2428
TestPerson1;0,04;-0,05;497,7446
TestPerson1;0,04;-0,05;498,2492
TestPerson1;0,03;-0,05;498,7614
TestPerson1;0,03;-0,04;499,2622
TestPerson1;0,03;-0,03;499,7628
TestPerson1;0,03;-0,03;500,2638
TestPerson1;0,03;-0,03;500,7647
TestPerson1;0,03;-0,03;501,2653
TestPerson1;0,03;-0,03;501,7672
TestPerson1;0,03;-0,03;502,269
TestPerson1;0,02;-0,03;502,7701
TestPerson1;0,03;-0,03;503,2725
TestPerson1;0,03;-0,03;503,7742
TestPerson1;0,03;-0,03;504,2749
TestPerson1;0,03;-0,03;504,7874
TestPerson1;0,03;-0,03;505,2882
TestPerson1;0,03;-0,03;505,7895
TestPerson1;0,03;-0,04;506,2895
TestPerson1;0,04;-0,04;506,7909
TestPerson1;0,06;-0,04;507,2938
TestPerson1;0,04;-0,04;507,7949
TestPerson1;0,03;-0,04;508,2951
TestPerson1;0,03;-0,06;508,798
TestPerson1;0,03;-0,06;509,3115
TestPerson1;0,03;-0,06;509,8129
TestPerson1;0,03;-0,06;510,3141
TestPerson1;0,03;-0,05;510,816
TestPerson1;0,03;-0,06;511,3174
TestPerson1;0,03;-0,06;511,8179
TestPerson1;0,03;-0,06;512,3187
TestPerson1;0,03;-0,06;512,8213
TestPerson1;0,03;-0,05;513,3218
TestPerson1;0,03;-0,06;513,8235
TestPerson1;0,03;-0,06;514,3245
TestPerson1;0,03;-0,06;514,825
TestPerson1;0,03;-0,06;515,3407
TestPerson1;0,03;-0,06;515,8415
TestPerson1;0,03;-0,06;516,3436
TestPerson1;0,03;-0,06;516,844
TestPerson1;0,03;-0,06;517,3483
TestPerson1;0,03;-0,05;517,8486
TestPerson1;0,03;-0,04;518,3505
TestPerson1;0,03;-0,03;518,851
TestPerson1;0,03;-0,03;519,3517
TestPerson1;0,03;-0,03;519,8535
TestPerson1;0,03;-0,03;520,3546
TestPerson1;0,03;-0,03;520,855
TestPerson1;0,03;-0,03;521,3564
TestPerson1;0,03;-0,03;521,8583
TestPerson1;0,03;-0,03;522,3593
TestPerson1;0,03;-0,03;522,8615
TestPerson1;0,03;-0,03;523,3619
TestPerson1;0,03;-0,03;523,8634
TestPerson1;0,03;-0,03;524,3646
TestPerson1;0,03;-0,03;524,8665
TestPerson1;0,03;-0,03;525,367
TestPerson1;0,03;-0,03;525,868
TestPerson1;0,03;-0,03;526,3834
TestPerson1;0,03;-0,03;526,8839
TestPerson1;0,03;-0,03;527,3851
TestPerson1;0,03;-0,03;527,8862
TestPerson1;0,03;-0,03;528,3871
TestPerson1;0,03;-0,02;528,8918
TestPerson1;0,03;-0,02;529,4036
TestPerson1;0,03;-0,02;529,9048
TestPerson1;0,03;-0,02;530,4063
TestPerson1;0,03;-0,02;530,9063
TestPerson1;0,03;-0,03;531,408
TestPerson1;0,03;-0,04;531,9091
TestPerson1;0,03;-0,04;532,4105
TestPerson1;0,03;-0,04;532,9117
TestPerson1;0,03;-0,04;533,413
TestPerson1;0,03;-0,04;533,9145
TestPerson1;0,03;-0,04;534,4156
TestPerson1;0,03;-0,04;534,9164
TestPerson1;0,03;-0,04;535,4181
TestPerson1;0,03;-0,04;535,9197
TestPerson1;0,03;-0,04;536,4208
TestPerson1;0,03;-0,04;536,9208
TestPerson1;0,03;-0,04;537,4227
TestPerson1;0,03;-0,04;537,9241
TestPerson1;0,03;-0,04;538,426
TestPerson1;0,03;-0,04;538,9269
TestPerson1;0,03;-0,04;539,4272
TestPerson1;0,04;-0,04;539,9426
TestPerson1;0,06;-0,04;540,4437
TestPerson1;0,08;-0,04;540,9449
TestPerson1;0,08;-0,05;541,4715
TestPerson1;0,09;-0,06;541,9752
TestPerson1;0,11;-0,06;542,4752
TestPerson1;0,12;-0,07;542,9758
TestPerson1;0,13;-0,07;543,5018
TestPerson1;0,14;-0,07;544,0113
TestPerson1;0,13;-0,07;544,5263
TestPerson1;0,13;-0,08;545,0345
TestPerson1;0,13;-0,09;545,5435
TestPerson1;0,12;-0,09999999;546,0441
TestPerson1;0,12;-0,11;546,5471
TestPerson1;0,12;-0,13;547,0505
TestPerson1;0,11;-0,14;547,564
TestPerson1;0,12;-0,15;548,0657
TestPerson1;0,12;-0,15;548,567
TestPerson1;0,12;-0,15;549,0715
TestPerson1;0,12;-0,15;549,5729
TestPerson1;0,11;-0,14;550,0864
TestPerson1;0,11;-0,14;550,5874
TestPerson1;0,12;-0,13;551,0874
TestPerson1;0,12;-0,13;551,5883
TestPerson1;0,12;-0,12;552,0895
TestPerson1;0,09999999;-0,11;552,5902
TestPerson1;0,09999999;-0,08;553,0922
TestPerson1;0,09;-0,08;553,6059
TestPerson1;0,09;-0,09999999;554,1064
TestPerson1;0,09999999;-0,12;554,6075
TestPerson1;0,09;-0,13;555,108
TestPerson1;0,07;-0,13;555,6085
TestPerson1;0,07;-0,14;556,1105
TestPerson1;0,06;-0,16;556,6133
TestPerson1;0,06;-0,15;557,1149
TestPerson1;0,05;-0,14;557,6276
TestPerson1;0,05;-0,15;558,1304
TestPerson1;0,05;-0,15;558,632
TestPerson1;0,05;-0,15;559,1339
TestPerson1;0,05;-0,15;559,6354
TestPerson1;0,05;-0,15;560,1369
TestPerson1;0,05;-0,14;560,639
TestPerson1;0,05;-0,14;561,1404
TestPerson1;0,05;-0,13;561,6532
TestPerson1;0,05;-0,13;562,1537
TestPerson1;0,05;-0,13;562,6542
TestPerson1;0,05;-0,13;563,1681
TestPerson1;0,05;-0,13;563,6692
TestPerson1;0,05;-0,13;564,1693
TestPerson1;0,05;-0,13;564,6721
TestPerson1;0,06;-0,14;565,1749
TestPerson1;0,06;-0,14;565,6753
TestPerson1;0,06;-0,13;566,1763
TestPerson1;0,06;-0,12;566,6783
TestPerson1;0,06;-0,09;567,1794
TestPerson1;0,08;-0,08;567,6812
TestPerson1;0,09;-0,06;568,1813
TestPerson1;0,09;-0,04;568,6861
TestPerson1;0,11;-0,02;569,1861
TestPerson1;0,11;0;569,6998
TestPerson1;0,11;0,01;570,2001
TestPerson1;0,11;0,03;570,7025
TestPerson1;0,11;0,04;571,2031
TestPerson1;0,11;0,06;571,7043
TestPerson1;0,12;0,08;572,2056
TestPerson1;0,11;0,09999999;572,7076
TestPerson1;0,12;0,12;573,2077
TestPerson1;0,13;0,14;573,7092
TestPerson1;0,12;0,15;574,2103
TestPerson1;0,12;0,15;574,7103
TestPerson1;0,11;0,12;575,2139
TestPerson1;0,11;0,13;575,7141
TestPerson1;0,11;0,13;576,2156
TestPerson1;0,11;0,13;576,7166
TestPerson1;0,11;0,13;577,2183
TestPerson1;0,11;0,13;577,7207
TestPerson1;0,11;0,13;578,2224
TestPerson1;0,11;0,13;578,7235
TestPerson1;0,11;0,13;579,2256
TestPerson1;0,11;0,13;579,7369
TestPerson1;0,11;0,13;580,2376
TestPerson1;0,12;0,13;580,7399
TestPerson1;0,11;0,12;581,2408
TestPerson1;0,11;0,11;581,7415
TestPerson1;0,13;0,09;582,2429
TestPerson1;0,14;0,08;582,744
TestPerson1;0,15;0,08;583,246
TestPerson1;0,17;0,07;583,749
TestPerson1;0,17;0,05;584,2625
TestPerson1;0,18;0,05;584,7636
TestPerson1;0,18;0,05;585,2665
TestPerson1;0,18;0,04;585,767
TestPerson1;0,19;0,04;586,2672
TestPerson1;0,18;0,05;586,7812
TestPerson1;0,17;0,06;587,2949
TestPerson1;0,17;0,06;587,7961
TestPerson1;0,17;0,06;588,2971
TestPerson1;0,17;0,06;588,7991
TestPerson1;0,17;0,06;589,3004
TestPerson1;0,17;0,06;589,8019
TestPerson1;0,17;0,06;590,3036
TestPerson1;0,15;0,05;590,8039
TestPerson1;0,15;0,06;591,3049
TestPerson1;0,14;0,06;591,8064
TestPerson1;0,14;0,06;592,3212
TestPerson1;0,15;0,06;592,8234
TestPerson1;0,15;0,05;593,3373
TestPerson1;0,14;0,05;593,8396
TestPerson1;0,13;0,05;594,3527
TestPerson1;0,13;0,05;594,8542
TestPerson1;0,13;0,04;595,3554
TestPerson1;0,12;0,02;595,8569
TestPerson1;0,11;0,02;596,3587
TestPerson1;0,12;0;596,8734
TestPerson1;0,11;-0,02;597,3745
TestPerson1;0,11;-0,05;597,8753
TestPerson1;0,09999999;-0,07;598,3777
TestPerson1;0,09999999;-0,09999999;598,8911
TestPerson1;0,09999999;-0,12;599,4056
TestPerson1;0,09;-0,14;599,9079
TestPerson1;0,09;-0,15;600,408
TestPerson1;0,09;-0,15;600,9092
TestPerson1;0,09999999;-0,15;601,4106
TestPerson1;0,09999999;-0,15;601,9133
TestPerson1;0,09999999;-0,16;602,4134
TestPerson1;0,09;-0,16;602,9149
TestPerson1;0,09999999;-0,16;603,4174
TestPerson1;0,11;-0,15;603,9178
TestPerson1;0,09999999;-0,15;604,418
TestPerson1;0,11;-0,16;604,9184
TestPerson1;0,11;-0,16;605,4205
TestPerson1;0,11;-0,16;605,9213
TestPerson1;0,11;-0,16;606,4217
TestPerson1;0,11;-0,16;606,9247
TestPerson1;0,11;-0,16;607,4401
TestPerson1;0,11;-0,16;607,9415
TestPerson1;0,11;-0,16;608,4431
TestPerson1;0,11;-0,16;608,9576
TestPerson1;0,11;-0,16;609,4683
TestPerson1;0,11;-0,16;609,9742
TestPerson1;0,12;-0,16;610,476
TestPerson1;0,12;-0,16;610,9781
TestPerson1;0,12;-0,16;611,4905
TestPerson1;0,12;-0,16;611,9945
TestPerson1;0,12;-0,16;612,4948
TestPerson1;0,12;-0,16;613,0078
TestPerson1;0,12;-0,16;613,5102
TestPerson1;0,12;-0,15;614,0118
TestPerson1;0,13;-0,13;614,5119
TestPerson1;0,14;-0,12;615,0146
TestPerson1;0,16;-0,09999999;615,5162
TestPerson1;0,17;-0,08;616,0168
TestPerson1;0,18;-0,08;616,5185
TestPerson1;0,18;-0,07;617,0203
TestPerson1;0,17;-0,07;617,5223
TestPerson1;0,16;-0,07;618,0228
TestPerson1;0,16;-0,07;618,5236
TestPerson1;0,15;-0,07;619,0256
TestPerson1;0,15;-0,07;619,5264
TestPerson1;0,15;-0,06;620,0264
TestPerson1;0,15;-0,07;620,5281
TestPerson1;0,15;-0,07;621,0282
TestPerson1;0,15;-0,07;621,5297
TestPerson1;0,15;-0,07;622,0315
TestPerson1;0,15;-0,07;622,5325
TestPerson1;0,15;-0,07;623,0419
TestPerson1;0,15;-0,07;623,5482
TestPerson1;0,15;-0,07;624,0483
TestPerson1;0,15;-0,07;624,5507
TestPerson1;0,15;-0,07;625,0526
TestPerson1;0,16;-0,07;625,554
TestPerson1;0,15;-0,07;626,0548
TestPerson1;0,15;-0,07;626,5565
TestPerson1;0,15;-0,07;627,0566
TestPerson1;0,15;-0,07;627,558
TestPerson1;0,15;-0,07;628,058
TestPerson1;0,16;-0,06;628,5596
TestPerson1;0,16;-0,06;629,0611
TestPerson1;0,16;-0,06;629,5622
TestPerson1;0,16;-0,04;630,064
TestPerson1;0,17;-0,02;630,5654
TestPerson1;0,17;-0,01;631,0661
TestPerson1;0,17;0;631,5671
TestPerson1;0,16;0,03;632,0687
TestPerson1;0,15;0,02;632,5693
TestPerson1;0,14;0,02;633,0703
TestPerson1;0,13;0,03;633,5706
TestPerson1;0,12;0,03;634,0802
TestPerson1;0,09999999;0,03;634,5862
TestPerson1;0,08;0,04;635,0881
TestPerson1;0,06;0,04;635,6022
TestPerson1;0,04;0,05;636,1046
TestPerson1;0,02;0,06;636,6049
TestPerson1;0;0,07;637,1066
TestPerson1;-0,01;0,07;637,6077
TestPerson1;0;0,08;638,1094
TestPerson1;-0,01;0,08;638,6115
TestPerson1;-0,01;0,08;639,1144
TestPerson1;-0,01;0,08;639,6152
TestPerson1;-0,02;0,09;640,1162
TestPerson1;-0,01;0,11;640,6176
TestPerson1;-0,01;0,13;641,1186
TestPerson1;-0,02;0,15;641,62
TestPerson1;-0,01;0,16;642,1216
TestPerson1;-0,01;0,17;642,6245
TestPerson1;-0,02;0,16;643,1252
TestPerson1;-0,02;0,16;643,6255
TestPerson1;-0,02;0,16;644,134
TestPerson1;-0,02;0,16;644,6389
TestPerson1;-0,02;0,16;645,1397
TestPerson1;-0,02;0,16;645,6422
TestPerson1;-0,02;0,16;646,1425
TestPerson1;-0,02;0,16;646,6442
TestPerson1;-0,02;0,16;647,1453
TestPerson1;-0,02;0,16;647,6459
TestPerson1;-0,02;0,16;648,1459
TestPerson1;-0,02;0,16;648,6478
TestPerson1;-0,02;0,16;649,1487
TestPerson1;-0,02;0,16;649,6497
TestPerson1;-0,03;0,16;650,1511
TestPerson1;-0,04;0,16;650,6542
TestPerson1;-0,03;0,13;651,1548
TestPerson1;-0,04;0,11;651,6566
TestPerson1;-0,05;0,09;652,1572
TestPerson1;-0,04;0,06;652,6584
TestPerson1;-0,05;0,04;653,1592
TestPerson1;-0,06;0,03;653,661
TestPerson1;-0,06;0,01;654,1626
TestPerson1;-0,07;-0,01;654,6635
TestPerson1;-0,08;-0,02;655,1649
TestPerson1;-0,07;-0,03;655,6663
TestPerson1;-0,07;-0,04;656,1668
TestPerson1;-0,08;-0,06;656,6672
TestPerson1;-0,07;-0,06;657,1686
TestPerson1;-0,06;-0,09;657,6697
TestPerson1;-0,05;-0,09999999;658,1732
TestPerson1;0;0;658,9091
TestPerson1;0;0;659,412
TestPerson1;0;0;659,9175
TestPerson1;0;0;660,4189
TestPerson1;0;0;660,9276
TestPerson1;0;0;661,4355
TestPerson1;0;0;661,9423
TestPerson1;0;0;662,4488
TestPerson1;0;0;662,9564
